[
  {
    "id": 1,
    "priority": 1,
    "action": {
      "type": "redirect",
      "redirect": {
        "extensionPath": "/block.html"
      }
    },
    "condition": {
      "urlFilter": "||pornhub.com/*",
      "resourceTypes": ["main_frame"]
    }
  },
  {
    "id": 2,
    "priority": 1,
    "action": {
      "type": "redirect",
      "redirect": {
        "extensionPath": "/block.html"
      }
    },
    "condition": {
      "urlFilter": "||xvideos.com/*",
      "resourceTypes": ["main_frame"]
    }
  },
  {
    "id": 3,
    "priority": 1,
    "action": {
      "type": "redirect",
      "redirect": {
        "extensionPath": "/block.html"
      }
    },
    "condition": {
      "urlFilter": "||sex.com/*",
      "resourceTypes": ["main_frame"]
    }
  }
  // Add more rules for other blocked domains as needed
]